,resto name,mark,location
0,Pure Passion Restaurant,4.5,"1 Residence N_02 m, Agadir, Souss-Massa, Morocco"
1,Restaurant Le Tapis Rouge By Little Norway,4.5,"Tamlelt complex, Agadir, Souss-Massa, Morocco"
2,El Toro,4.5,"N_ 7 Front de Mer Agadir, Agadir, Souss-Massa, Morocco"
3,La Scala,4,"Rue De L_Oued Souss, Agadir, Souss-Massa, Morocco"
4,Le Jardin d'Eau,4.5,"Boulevard du 20 aout, Agadir, Souss-Massa, Morocco"
5,Patisserie Tafarnout,4.5,"Av hassan ii imm tigouramine, Agadir, Souss-Massa, Morocco"
6,Restaurant Rafiq,4.5,"Boulevard Hassan 2, Agadir, Souss-Massa, Morocco"
7,Le 20' Restaurant,4.5,"12 Boulevard du 20 Aout Secteur Balneaire Complexe Tagadirt Agadir Royaume du Maroc, Agadir, Souss-Massa, Morocco"
8,Le Nil Bleu,3.5,"Front de Mer, Agadir, Souss-Massa, Morocco"
9,Restaurant Scampi,4.5,"Bd Hassan 2, Agadir, Souss-Massa, Morocco"
10,Le Flore,4,"Rue Tawada. En Face Plage d'Agadir, Agadir, Souss-Massa, Morocco"
11,Agadir Burger - Herzliya,3.5,"HaMaonofim, Herzliya, Tel Aviv District, Israel"
12,Mezzo Mezzo,4,"19 Avenue Hassan II, Agadir, Souss-Massa, Morocco"
13,La Villa Blanche,4,"Baie des Palmiers secteur No50 cite Founty, Agadir, Souss-Massa, Morocco"
14,Phantom Agadir,4.5,"La Corniche - Front de mer, Agadir, Souss-Massa, Morocco"
15,Restaurant Camel's,4,"Secteur Balneaire, Agadir, Souss-Massa, Morocco"
16,Somasushi,5,"N 14 Imm 72 Jardins De Souss, Agadir, Souss-Massa, Morocco"
17,Agadir Burger - Nahalat Binyamin,4,"Rehov Nahalat Binyamin 2, Tel Aviv, Tel Aviv District, Israel"
18,Cafe Restaurant Ibtissam,4.5,"Place Tamri, Agadir, Souss-Massa, Morocco"
19,Le Maxwell,4,"Complexe Touristique de Tamlalt, Agadir, Souss-Massa, Morocco"
20,O Playa,4.5,"No 5 Front de mer, lot, Agadir, Souss-Massa, Morocco"
21,Agadir Burger - Eilat,4,"Crown Plaza Hotel, 88000, Eilat, Southern District, Israel"
22,Le Mauresque,4,"12 Complexe Valtur - Chemin de Oued Souss, Agadir, Souss-Massa, Morocco"
23,Chiche Kabab,4.5,"Boulevard Hassan II, Agadir, Souss-Massa, Morocco"
24,"L'Ardoise Gourmande,",5,"Boulevard Hassan 2, Agadir, Souss-Massa, Morocco"
25,Agadir Burger - Haifa,3.5,"6 David Pinski, Haifa, Haifa District, Israel"
26,English Pub,3,"Bd. du 20 Aout, Agadir, Souss-Massa, Morocco"
27,Let's Be Healing Food,4.5,"1 National Route, Tamraght, Agadir, Souss-Massa, Morocco"
28,Rugantino,4,"Complexe Al Moggar, Agadir, Souss-Massa, Morocco"
29,Mamma Caterina,4.5,"Maroc Quai West residence 4 local nM9 la marina di, Agadir, Souss-Massa, Morocco"
30,Les Blancs,3.5,"Marina d'Agadir, Agadir, Souss-Massa, Morocco"
31,Agadir Burger -  Bnei Dror,3.5,"Bnei Dror Junction, Even Yehuda, Central District, Israel"
32,Agadir Burger - Hod Hasharon,3.5,"51 Derekh Ramatayim, Hod Hasharon, Central District, Israel"
33,K-moon,4.5,"58 rue des Orangers, Agadir, Souss-Massa, Morocco"
34,Roastery Agadir,5,"N. 10 Immeuble 03, City Founty, Agadir, Souss-Massa, Morocco"
35,Agadir Burger - Namal Tel Aviv,3.5,"6 Ha-Ta'arukha, Tel Aviv, Tel Aviv District, Israel"
36,Aromes de Paris,4.5,"8 Immeuble Mimosas, Agadir, Souss-Massa, Morocco"
37,Bollywood,3.5,"Boulevard Tawada, Agadir, Souss-Massa, Morocco"
38,Le Petit Kawa,4.5,"Rue Ait Soual, Tamraght, Agadir, Souss-Massa, Morocco"
39,Restaurant Cote' Court,4,"Avenue Hassan II, Agadir, Souss-Massa, Morocco"
40,Le Petit Pecheur,4,"Cite Al Houda, Agadir, Souss-Massa, Morocco"
41,Restaurant Plage Bleue,4,"2 Front de Mer Secteur Touristique, Agadir, Souss-Massa, Morocco"
42,Restaurant Jour et Nuit,3.5,"Av. Tawada, Agadir, Souss-Massa, Morocco"
43,Agadir Burger - Beer Sheva,4,"Sderot Ben Gurion 2, Beersheba, Southern District, Israel"
44,Pizza Hut Agadir Corniche,3.5,"Front de Mer - Agadir Corniche, Agadir, Souss-Massa, Morocco"
45,Restaurant Jade,5,"Front de Mer, N_ 6, Plage d'Agadir, Agadir, Souss-Massa, Morocco"
46,Etoile D Agadir,4,"Place Tamri,Talborjt, Agadir, Souss-Massa, Morocco"
47,Azyam Agadir,4,"Entree du port d'Agadir, Agadir, Souss-Massa, Morocco"
48,Bar Restaurant le Z,4.5,"Boulevard du 20 Aout, Agadir, Souss-Massa, Morocco"
49,La Grillardiere,4,"Boulevard du 20 Aout, Agadir, Souss-Massa, Morocco"
50,La Lampara,4,"Complexe Tamlalt, Agadir, Souss-Massa, Morocco"
51,Pizzeria La Provencale,4.5,"Boulvar Mohammed Cheikh Saadi, Agadir, Souss-Massa, Morocco"
52,Bino’s Pizza,5,"38 Avenue Kennedy, Agadir, Souss-Massa, Morocco"
53,Agadir Burger - Rishon Lezion,4,"33 Lazarov, Rishon Lezion, Central District, Israel"
54,Restaurant Le V,4,"Front Mer, Agadir, Souss-Massa, Morocco"
55,Pistachios,4.5,"Rue la Plage, Agadir, Souss-Massa, Morocco"
56,KFC Agadir,3,"Blvd 20 Aout, Agadir, Souss-Massa, Morocco"
57,Rotisserie Ennahda,4,"Avenue Moulay Youssef, Agadir, Souss-Massa, Morocco"
58,33 Yacht Adress,3.5,"Marina - Secteur Balneaire, Agadir, Souss-Massa, Morocco"
59,Le Vendome,3.5,"Agadir, Souss-Massa, Morocco"
60,Quartier d'ete,4.5,"km27 Route d'Essaouira, Imi Ouaddar, Souss-Massa, Morocco"
61,Founti Agadir,4,"117 rue Monge, Paris, Ile-de-France, France"
62,Take A Break,5,"N 04 Rue Iligh, Agadir, Souss-Massa, Morocco"
63,WINE WINE AGADIR,4,"Boulevard du 20 Aout, Agadir, Souss-Massa, Morocco"
64,Amsterdam Luxury Restaurant,4.5,"Avenue Larache, Agadir, Souss-Massa, Morocco"
65,Sofitel Agadir Royal Bay,4,"Baie des palmiers, BP 226, Agadir, Souss-Massa, Morocco"
66,Da Celsi,5,"No 7 La Corniche -Front de mer, Agadir, Souss-Massa, Morocco"
67,Rituels,4,"26 Avenue des Forces Armee Royales, Agadir, Souss-Massa, Morocco"
68,Cesar,4.5,"Station Balneaire, Place de la mer,, Agadir, Souss-Massa, Morocco"
69,1001 Nights,4,"Place Lahcen Tamri, Agadir, Souss-Massa, Morocco"
70,Cafe del Mar,4,"Boulevard du 20 Aout, Agadir, Souss-Massa, Morocco"
71,Via Veneto,3.5,"Bd Hassan II, Agadir, Souss-Massa, Morocco"
72,La fontaine,4,"Av Hassan II Passage Ait Souss, Agadir, Souss-Massa, Morocco"
73,La Coupole,3,"Rue La Plage, Agadir, Souss-Massa, Morocco"
74,Le Bistrot By Marina Agadir,4.5,"No 8 Marina D'Agadir, Agadir, Souss-Massa, Morocco"
75,Little Italy,3.5,"Avenue Hassan II, Agadir, Souss-Massa, Morocco"
76,Le 116 - creperie et bar a salade,4.5,"116 Av Des Far, Ville Nouvelle, Agadir, Souss-Massa, Morocco"
77,McDonald's,3.5,"Avenue Mohammed V, Agadir, Souss-Massa, Morocco"
78,Fish Market,3,"Complexe Pickalbatros, Boulevard du 20 Aout, Agadir, Souss-Massa, Morocco"
79,l'Anice,4,"Rue de la Foire, Agadir, Souss-Massa, Morocco"
80,Herguita,4,"Av. Tawada, Agadir, Souss-Massa, Morocco"
81,Yacht Club,4,"Restaurant du Port, Agadir, Souss-Massa, Morocco"
82,Chems Ayour,4,"Douar Ain Sidi Belkacem Temsia, Ait Melloul, Agadir, Souss-Massa, Morocco"
83,Green Light Box,4.5,"Menzeh B-3, Immeuble 10,Magasin 19 Avenue des Far, Agadir, Souss-Massa, Morocco"
84,Le Tapis Rouge Agadir,4.5,"0528840848, Agadir, Souss-Massa, Morocco"
85,La Siciliana,3.5,"67 Blvd Hassan II, Agadir, Souss-Massa, Morocco"
86,Zahrat Loubnan,4,"15 Front de mer, Agadir, Souss-Massa, Morocco"
87,Agadir Burger,4.5,"Dead Sea, Ein Bokek, Dead Sea Region, Israel"
88,Dar Maktoub,4.5,"Avenue Moulay Ali Cherif, Inezgane, Agadir, Souss-Massa, Morocco"
89,Restaurant Shawarma House,4.5,"Immeuble Sabrine Avenue Hassan II, Agadir, Souss-Massa, Morocco"
90,Les Jardins d'Agadir,4,"38 quai la Perouse, St-Laurent du Var, French Riviera - Cote d'Azur, Provence-Alpes-Cote d'Azur, France"
91,Le Monticule,5,"Sect. Balneaire Cplxe Tivoli, Agadir, Souss-Massa, Morocco"
92,Al Tanoor,4,"261-263 Bd Hassan II, Agadir, Souss-Massa, Morocco"
93,Daily's,4.5,"9 Avenue Hassan II, Agadir, Souss-Massa, Morocco"
94,Caramel,3,"Boulevard Mohammed Cheikh Saadi, Agadir, Souss-Massa, Morocco"
95,Rugatinos,3.5,"Promenade, Agadir, Souss-Massa, Morocco"
96,Vita Mix agadir,4.5,"Avenue des Far N 110, Agadir, Souss-Massa, Morocco"
97,Cafe Snack Itry,5,"Rue Al Farabi, Agadir, Souss-Massa, Morocco"
98,Mikey's burger,4.5,"Avenue Hassan II, Agadir, Souss-Massa, Morocco"
99,Pasta Basta,4.5,"4 Av. General Kettani, Agadir, Souss-Massa, Morocco"
100,Bloom Restaurant & Lounge,4.5,"N_ 4 Avenue Mohammed V, Agadir, Souss-Massa, Morocco"
101,Soleil d'Agadir,3.5,"5 rue Princesse, Lille, Nord, Hauts-de-France, France"
102,SoS Gusto,4,"Ave duPrince Moulay Abdallah, Agadir, Souss-Massa, Morocco"
103,Groupe sushi Fleur de Ming (centre ville),3.5,"Rue de la Foire, Agadir, Souss-Massa, Morocco"
104,Casa De Espana Restaurant-Bar,4,"Immeuble A, Agadir, Souss-Massa, Morocco"
105,O'comptoir,3,"Agadir, Souss-Massa, Morocco"
106,Captain Bodega,4,"La Marina, Agadir, Souss-Massa, Morocco"
107,Poisson Al Jazera,3.5,"Rue Des Orangers, Agadir, Souss-Massa, Morocco"
108,Restaurant Venezia,4,"Tawada Corniche, Agadir, Souss-Massa, Morocco"
109,Agadir Burger - Jerusalem Kosher,3,"10 Shderot Yitskhak Rabin, Jerusalem, Jerusalem District, Israel"
110,CoffeeShop Agadir,4,"Rue La Plage, Agadir, Souss-Massa, Morocco"
111,Dar Tajine,3.5,"Rue 2 Mars, Agadir, Souss-Massa, Morocco"
112,Espressolab,3,"The Marina, Agadir, Souss-Massa, Morocco"
113,Restaurant du Port,4.5,"Km 26 route d'Essaouira, Imi Ouaddar, Souss-Massa, Morocco"
114,La Bodeg,5,"Boulevard du 20 aout, Agadir, Souss-Massa, Morocco"
115,Linan Kebab,4.5,"Bd Mohamed Cheikh Saadi, Agadir, Souss-Massa, Morocco"
116,Taj Costa Bella,5,"Rue La Plage, Agadir, Souss-Massa, Morocco"
117,La Cucina Di Mamma,5,"1 Residence Yasmine, Agadir, Souss-Massa, Morocco"
118,le Pavilon,5,"Agadirbay 2, Agadir, Souss-Massa, Morocco"
119,Fine Fish Restaurant Poisson,4.5,"N 87, Av. Tomboctou, Al Massira, Agadir, Souss-Massa, Morocco"
120,Yacht Club Restaurant Du Port de Peche,4.5,"Ancien Port d'Agadir, Agadir, Souss-Massa, Morocco"
121,Grillade Poissons Bladi,4.5,"Rue Abderrahim Bouabid, Agadir, Souss-Massa, Morocco"
122,M'riste Jouhar,4.5,"6 Rue Diouri, Essaouira, Marrakech-Safi, Morocco"
123,Mister cook,4.5,"Avenue benzidan N87 cite salam agadir maroc, Agadir, Souss-Massa, Morocco"
124,Aux Delices D'agadir,4.5,"13 rue du Marechal Foch, La Roche-sur-Yon, Vendee, Pays de la Loire, France"
125,Agadir,4.5,"Taunusstrasse 22A, Wiesbaden, Hesse, Germany"
126,Cafe & Restaurant Costa Sud,4,"No.5,Residence Moulay Youssef,Ennada,, Agadir, Souss-Massa, Morocco"
127,Churrascaria Marius Agadir,4,"Complexe Tivoli Bloc F, Boulevard 20 Aout, Agadir, Souss-Massa, Morocco"
128,Agadir Burger - Bilu Center,4,"Kiryat Ekron, Central District, Israel"
129,Pizzeria Oumlil,4.5,"Boulevard Hassan 2, Agadir, Souss-Massa, Morocco"
130,Cafe Restaurant Darole,5,"18 Bis Passage Ait Souss, Agadir, Souss-Massa, Morocco"
131,Restaurant Japonais Saito Kan,3,"Avenue 20 Aout, Agadir, Souss-Massa, Morocco"
132,The Pirate Pub,4,"Agadir, Souss-Massa, Morocco"
133,Amore & Passione,4,"Front de mer lot N.8 plage d'Agadir, Agadir, Souss-Massa, Morocco"
134,La Cote D'Or - Cafe & Restaurant,3.5,"Front de Mer, Agadir, Souss-Massa, Morocco"
135,Complexe le Dome,3,"Angle Place du Marche et Avenue Hassan II Agadir, Agadir, Souss-Massa, Morocco"
136,JOHARA Restaurant marocain,5,"bd du 20 Aout, Agadir, Souss-Massa, Morocco"
137,Brooklyn Pizza,4,"Founty, Agadir, Souss-Massa, Morocco"
138,Cafe caprice,4,"Founty, 80000 Agadir Bay, Agadir, Souss-Massa, Morocco"
139,Venezia Ice,2,"BD Mohammed Chikh Saadi les Galeries de Talborjt, Agadir, Souss-Massa, Morocco"
140,Alfarooj Restaurant,3,"84 Avenue President Kennedy, Agadir, Souss-Massa, Morocco"
141,Restaurant Le Spot,4.5,"Taghazout Centre, Taghazout, Souss-Massa, Morocco"
142,LOFT Luxury Restaurant Lounge Bar,3,"Boulevard Mouhamed V 80000 Agadir, Agadir, Souss-Massa, Morocco"
143,Pool Lounge Bar & Restaurant Thalassa Sea & Spa,4,"Baie des Palmiers Cite Founty P5 Secteur touristique 80010 - AGADIR MOROCCO, Agadir, Souss-Massa, Morocco"
144,Costabella Istanbul Antochia Cafe Restourant Patisirre,4,"7, Passage Tawada - Secteur Touristique Agadir, Agadir, Souss-Massa, Morocco"
145,Richies Cafe Restaurant,4,"1 K11 N Highway, Aourir, Souss-Massa, Morocco"
146,McDonald's,3.5,"Avenue Mohamed V, Agadir, Souss-Massa, Morocco"
147,Koob Coffee,4,"10 BD TAWADA, bord de mer, Agadir, Souss-Massa, Morocco"
148,Salsa Rosa,4,"Avenue My Youssef Hay Nada N7, Agadir, Souss-Massa, Morocco"
149,Mika Sushi,4,"58 rue Omar Bnou Al Khatab, Agadir, Souss-Massa, Morocco"
150,Moon Naan,5,"Mag n'9 , Av des FAR Res El Menzah, Agadir, Souss-Massa, Morocco"
151,Le Palais du Jardin,4.5,"5 Baie des Palmiers Cite Founty P, Agadir, Souss-Massa, Morocco"
152,Bayt Al Mandi Gulf Restaurant,5,"Boulevard Hassan II, Agadir, Souss-Massa, Morocco"
153,Atlas Kasbah Restaurant,5,"Tighanimine El Baz Village - Azrarag Road, Agadir, Souss-Massa, Morocco"
154,Cafe Restaurant Terre & Mer,5,"N_ 272 Lotissement, Agadir, Souss-Massa, Morocco"
155,Snack Assalam City,5,"Av. Mohammed V, Agadir, Souss-Massa, Morocco"
156,Marrakech,4.5,"370 Evans Bay Parade, Wellington, Greater Wellington, North Island, New Zealand"
157,Fouquet’s,5,"2 Bd Du Aout, Agadir, Souss-Massa, Morocco"
158,La Nasse,4.5,"Sofitel Agadir Royal Bay, Agadir, Souss-Massa, Morocco"
159,Riad Foutour Sarir,4.5,"12 Rue Sidibouknadel Rue Fez, Agadir, Souss-Massa, Morocco"
160,Agadir,4,"Quai des Salines 18, Tournai, Hainaut Province, Wallonia, Belgium"
161,Timam Du Chef - Restauration Pezzeria,5,"Hay Ait Soual, Tamraght, Agadir, Souss-Massa, Morocco"
162,Moroccan Bites,4,"5714 Evers Rd, San Antonio, Texas"
163,La Caravane,4,"Sofitel Agadir Royal Bay Resort, Agadir, Souss-Massa, Morocco"
164,Oasis Afriquia Cafe Restaurant,4,"Km 1 Route Agadir, Tiznit, Souss-Massa, Morocco"
165,R'bati,4,"11 Rue Lligh, Agadir, Souss-Massa, Morocco"
166,Krystal Restaurant,4,"Chemin des Dunes, Agadir, Souss-Massa, Morocco"
167,Mini Pecheur,4,"57 Rue Essouaria, Agadir, Souss-Massa, Morocco"
168,Le Petit Quai,4,"3-4 Av Moulay Youssef Cite Nahda, Agadir, Souss-Massa, Morocco"
169,La Grillardiere,4,"Route de Casablanca, El Jadida, Casablanca-Settat, Morocco"
170,Les arcades,3,"Sur La Place Assarag, Taroudant, Souss-Massa, Morocco"
171,Pizza Hut - Agdal,2.5,"Avenue de France, Rabat, Rabat-Sale-Kenitra, Morocco"
172,Marrakech Moroccan Restaurant,3.5,"Agadir, Souss-Massa, Morocco"
173,Bab Marrakesh,3.5,"Rue de Massa, Agadir, Souss-Massa, Morocco"
174,Cafe Restaurant Tagudalt,3,"N9, Ouarzazate, Draa-Tafilalet, Morocco"
175,Coffeeshop Company,3.5,"9 Rue Ibnou Babek Quartier Racine, Casablanca, Casablanca-Settat, Morocco"
176,Fine Burger Talborjt,3.5,"86 Avenue President Kennedy, Agadir, Souss-Massa, Morocco"
177,Agadir - Kleopatra,2.5,"Hlavna 22, Kosice, Kosice Region, Slovakia"
178,Marrakech Cafe Moroccan & Mediterranean,4,"305 Evans Bay Parade, Wellington, Greater Wellington, North Island, New Zealand"
179,Cafe Restaurant Jnan Soussia,4,"Rocade Taroudant, Taroudant, Souss-Massa, Morocco"
180,Levant Restaurant,4,"76 Jason Court Southey Road, London, England, United Kingdom"
181,Simane,4.5,"Rue de la foire 3, Agadir, Souss-Massa, Morocco"
182,Surf N Turf Cafe,5,"Tamraght Main Street, Tamraght, Agadir , Maroc, Tamraght, Agadir, Souss-Massa, Morocco"
183,Eat Juice,5,"2 n_ 6, Agadir, Souss-Massa, Morocco"
184,Restaurant ismail,5,"Boulevar 20 Aout, Agadir, Souss-Massa, Morocco"
185,El Toro Bar and Restaurant,4,"El Toro, Calvia, Majorca, Balearic Islands, Spain"
186,Restaurant Etoile D'agadir,4,"Tafraout, Tafraoute, Souss-Massa, Morocco"
187,O pasta,4,"Marina d'agadir, Agadir, Souss-Massa, Morocco"
188,Taj Mahal,4,"Hotel Atlantic Palace, Agadir, Souss-Massa, Morocco"
189,Be Wok,3.5,"Boulevard Mohammed cheikh Saadi, Agadir, Souss-Massa, Morocco"
190,La Table,2.5,"Av Abderrahim Bouabid, Agadir, Souss-Massa, Morocco"
191,Adam’s Cafe,4.5,"Tamraght, Agadir, Souss-Massa, Morocco"
192,Pespada,4.5,"Boulvard Hj Masaoud El Wafkaoui Essalam, Agadir, Souss-Massa, Morocco"
193,Dar Chouaya,4.5,"av.2 Mars, Agadir, Souss-Massa, Morocco"
194,Canada Coffee,5,"204 Rue Tripoli, Impasse, Agadir, Souss-Massa, Morocco"
195,Jow Cafe-Snack,5,"Agadir, Souss-Massa, Morocco"
196,Yuzaki,4.5,"Avenue Houssine Achengly, Founty, Agadir, Souss-Massa, Morocco"
197,La Tuniserie,5,"No 103 Rue Med El Fassi, Agadir, Souss-Massa, Morocco"
198,Dar D'jaj,4.5,"Ave du 29 Fevrier, Agadir, Souss-Massa, Morocco"
199,Chowayat Annahda,4.5,"Avenue Moulay Youssef, Agadir, Souss-Massa, Morocco"
200,Snapy,4.5,"85 Avenue Mohammed El Fassi, Hay Essalam, Agadir, Souss-Massa, Morocco"
201,Istanbul Antochia Baklawa,5,"Rue Tawada, Agadir, Souss-Massa, Morocco"
202,La Liste Patisserie Boulangerie Cafe Restaurant,5,"Hay Mohammedi, Agadir, Souss-Massa, Morocco"
203,Le Riad des 3 Soeurs Restaurant,5,"Tamraght, Agadir, Souss-Massa, Morocco"
204,Restaurant Daffy,4.5,"2 Rue Des Orangers, Agadir, Souss-Massa, Morocco"
205,La Marrakech Gris,5,"Avenue 29 Fevrier, Agadir, Souss-Massa, Morocco"
206,La Cremerie,5,"Av 20 Out, Agadir, Souss-Massa, Morocco"
207,Almanara Restaurante,4.5,"Rua Treze de Maio 1947, Sao Paulo, State of Sao Paulo, Brazil"
208,Le Restaurant Les Cousines d'Afoulki,4.5,"33, Rue d'Agadir, Essaouira, Marrakech-Safi, Morocco"
209,RESTAURANT ENNAHDA,4.5,"Avenue Mohammed V, Zagora, Souss-Massa, Morocco"
210,Espace Asrir,4.5,"133 Reu idAli Bouyighd, Tiznit, Souss-Massa, Morocco"
211,Les Tajines Bleus,5,"Douar takourout, IDA OU GUELLOUL, Essaouira, Marrakech-Safi, Morocco"
212,La Veranda,4,"15/18 Imm. Oumlil Av Avenue Hassan II, Agadir, Souss-Massa, Morocco"
213,L'Atelier,4,"Avenue Hassan II, Agadir, Souss-Massa, Morocco"
214,restaurant les Arcades,4,"avenue du president Kennedy, Agadir, Souss-Massa, Morocco"
215,Sodivas,4,"Route de Marrakech, Agadir, Souss-Massa, Morocco"
216,Chez Imim,4,"Rue President Kennedy, Agadir, Souss-Massa, Morocco"
217,Millionnaire’s Club,3.5,"688/193 Phosri Road, Agadir, Souss-Massa, Morocco"
218,La Baraka,3.5,"58 Rue Khalid Bnou Lwalid Cite Dakhla, Agadir, Souss-Massa, Morocco"
219,Restaurant Marrakech,3.5,"Chemin Des Dunes, Agadir, Souss-Massa, Morocco"
220,Tropicana,3.5,"57 Rue Essaouira, Agadir, Souss-Massa, Morocco"
221,Il Mare,3,"Chemin Des Dunes, Agadir, Souss-Massa, Morocco"
222,Fishitto Restaurant bar Lounge,3,"20 Aout, Agadir, Souss-Massa, Morocco"
223,Sam'cake,3,"No 105 Imm Ennour, Avenue Hassan 1er, Agadir 80000, Agadir, Souss-Massa, Morocco"
224,Frank's Burgers,3.5,"81 Avenue Mohamed El Fassi, Cite Essalam, Agadir, Souss-Massa, Morocco"
225,Rastapasta,2.5,"Tagazout, Agadir, Souss-Massa, Morocco"
226,La Santal,3,"Chemin Des Dunes, Agadir, Souss-Massa, Morocco"
227,McDonald's,3.5,"Route d_Inezgane, Agadir, Souss-Massa, Morocco"
228,Pizza & Pasta Soulaymane,3.5,"Rue Essaouira, Agadir, Souss-Massa, Morocco"
229,Restaurant Les Dinosaures,3.5,"Agadir, Souss-Massa, Morocco"
230,BBB Burger Rishon LeTsiyon,4,"Rehov Moshe Becker 9, Rishon Lezion, Central District, Israel"
231,Restaurant Alhambra,4,"Avenida Habaneras n 56, Torrevieja, Costa Blanca, Province of Alicante, Valencian Community, Spain"
232,Capitol City Grill,4,"3301 Market St NE, Salem, Oregon"
233,Kazi,3.5,"No. 121, Sec. 3, Changrong Rd., East Dist, East District, Tainan, Taiwan"
234,Auberge le Safran,3.5,"Taliouine, Souss-Massa, Morocco"
235,Tajine Aourir,3.5,"Route d'essaouira, Aourir, Souss-Massa, Morocco"
236,Yours Cafe Patisserie,3.5,"5 Av Med, Kenitra, Rabat-Sale-Kenitra, Morocco"
237,Coffeeshop Company,2.5,"Angle Ave Annakhil and Rue El Yazidi, Hay Riad, Rabat, Rabat-Sale-Kenitra, Morocco"
238,Auberge d'Agadir,4,"38 rue aux Fleurs, Voisins-le-Bretonneux, Saint-Quentin-en-Yvelines, Yvelines, Ile-de-France, France"
239,Agadir,3.5,"14 rue du Palais Gallien, Bordeaux, Gironde, Nouvelle-Aquitaine, France"
240,Sud Agadir,4.5,"11 B avenue Charles de Gaulle, Savigny-Sur-Orge, Essonne, Ile-de-France, France"
241,Le Palais d'Agadir,4,"158 boulevard Jean Allemane, Argenteuil, Val-d'Oise, Ile-de-France, France"
242,La Pyramide agadir,4,"Boulevard El Hamra, Agadir, Souss-Massa, Morocco"
243,Saveurs D'Agadir,4,"34 rue de Verdun, Lorgues, Var, Provence-Alpes-Cote d'Azur, France"
244,Le Port d'Agadir,3,"Entree 2 2 quai de la Tourelle, Cergy, Cergy-Pontoise, Val-d'Oise, Ile-de-France, France"
245,Le Soleil D Agadir,4,"6 route de Mons, Maubeuge, Nord, Hauts-de-France, France"
246,Hilal Box - Agadir,4.5,"N31, Imm 19, Residence Darna, Adrar, Agadir, Souss-Massa, Morocco"
247,O de l'Ha,4,"12 Boulevard Tawada, Agadir, Souss-Massa, Morocco"
248,KongFood,3,"Agadir, Souss-Massa, Morocco"
249,Chez Maxim,4,"Tifnit, Tifnit, Souss-Massa, Morocco"
250,TalhaMar,4,"Dakhla, Dakhla-Oued Ed Dahab, Morocco"
251,Le Palais Du Jardin,4,"5 Baie des Palmiers Cite Founty P, Imouzzer des Ida Outanane, Souss-Massa, Morocco"
252,Panorama Restaurant,4,"Panorama street, Taghazout, Souss-Massa, Morocco"
253,Restaurant Pieds D'ans l'Eau Imiouadar,4,"Plage Imiouadar, Imi Ouaddar, Souss-Massa, Morocco"
254,Cafe Restaurant TANIT,3.5,"KM 12 Route d'Essaouia, Aourir, Souss-Massa, Morocco"
255,Lehem Erez - Netanya Shoho,3,"Rehov Maffi 5, Netanya, Central District, Israel"
256,La Grande Table D'agadir Officiel,5,"Hotel Riu Zanzibar, Agadir, Souss-Massa, Morocco"
257,L'Etoile d' Agadir,4.5,"32 rue du Tan, Meaux, Seine-et-Marne, Ile-de-France, France"
258,Bar Nuevo Agadir,4.5,"Lugar Muelle Marina numero 13, Isla Cristina, Costa de la Luz, Andalucia, Spain"
259,Estrella De Agadir,5,"Avenida Nabeul 10, Marbella, Costa del Sol, Province of Malaga, Andalucia, Spain"
260,Agadir,4.5,"Umm Al Nar, Abu Dhabi, Emirate of Abu Dhabi, United Arab Emirates"
261,Restaurant alf lila ou lila agadir,4,"2 Rue des Souks, Agadir 80000, Agadir, Souss-Massa, Morocco"
262,La Tour d'Agadir,4,"126 rue Charles de Gaulle, Mormant, Seine-et-Marne, Ile-de-France, France"
263,etoile d'Agadir,4,"14 rue des 3 Freres le Goff, Saint-Brieuc, Cotes-d'Armor, Brittany, France"
264,Agadir Burger - Petah Tikva,2.5,"Rehov Shaham 30, Petah Tiqwa, Central District, Israel"
265,L'Auberge d'Agadir,4,"26 Avenue de la Gare, Gournay-en-Bray, Seine-Maritime, Haute-Normandie, Normandy, France"
266,Haveli Restaurant Agadir,2.5,"Rue DE LA Foire, Agadir, Souss-Massa, Morocco"
267,Agadir Burger - Bnei Brak Kosher,3,"Rehov Metsada 7, BSR Tower 4, Bnei Brak, Tel Aviv District, Israel"
268,Le Tsar Agadir,5,"F2 Bloc F Coplexe Tivoli, Boulevard Du 20 Aout, Agadir, Souss-Massa, Morocco"
269,Blue Note Agadir,4,"Boulevard 20 Aout, Agadir, Souss-Massa, Morocco"
270,Le Palmier Bleu,4.5,"Douar Ait Soual, Tamraght, Agadir, Souss-Massa, Morocco"
271,Restaurant Happy Calamar,4.5,"Imi Ouaddar, Souss-Massa, Morocco"
272,Restaurant Riad le Lieu tiznit,4.5,"273 Impasse Issaoui, Rue Haddada, Tiznit, Souss-Massa, Morocco"
273,Le Corail - Chez Tarik,4.5,"23 Place Chrib Atay, Essaouira, Marrakech-Safi, Morocco"
274,Little Italy Marrakech,4.5,"48 Rue Mohamed El Beqal, Marrakech, Marrakech-Safi, Morocco"
275,Morimoto,4.5,"Km17, Route D'Essaouira, Taghazout, Souss-Massa, Morocco"
276,restaurant Tayought,4.5,"Rue du Centre, Mirleft, Souss-Massa, Morocco"
277,Chez Yassine,5,"Rue Zayan, Essaouira, Marrakech-Safi, Morocco"
278,La Villa Blanche,4.5,"62 avenue du Lazaret, La Rochelle, Charente-Maritime, Nouvelle-Aquitaine, France"
279,Matsuri,4,"Avenue Mohamed VI, Rabat, Rabat-Sale-Kenitra, Morocco"
280,Taghazout,4,"7 Rue Sebbahi, Rabat, Rabat-Sale-Kenitra, Morocco"
281,Burger Saloon,4,"Zichron-Binyamina Road, Zichron Yaakov, Haifa District, Israel"
282,Chez Brahim,4,"KM 14 Plage D'imourane, Aourir, Souss-Massa, Morocco"
283,"Shipudei Hatikva, Israeli Grill Restaurant",3,"88 Retsif Herbert Samuel, Tel Aviv, Tel Aviv District, Israel"
284,Kasbah Authentic Moroccan Restaurant,3.5,"1471 NW 85th St, Seattle, Washington"
285,Venezia Ice,3,"Rue Zahla, Rabat, Rabat-Sale-Kenitra, Morocco"
286,Oasis Cafe,3.5,"Station service Afriquia - Av. Abdelkrim Khattabi, Marrakech, Marrakech-Safi, Morocco"
287,Le Chrysalis,3.5,"Avenue du Caire, Essaouira, Marrakech-Safi, Morocco"
288,Kui-Zin Medina,4.5,"12, Rue Amsefah, Sidi Abdelaziz .Medina, Marrakech, Marrakech-Safi, Morocco"
289,Le Bon Cafe,4.5,"61 South End, Croydon, Greater London, England, United Kingdom"
290,Restaurant Chez Nadia,5,"Boulevard Moukhtar Soussi, Tafraoute, Souss-Massa, Morocco"
291,Ksar Char-Bagh,4.5,"Palmeraie de Marrakech, Marrakech, Marrakech-Safi, Morocco"
292,CoteSud,4.5,"Bp 710, Ouarzazate, Draa-Tafilalet, Morocco"
293,Nomad Food & Wine,4.5,"Kristiinankatu 5, Turku, Southwest Finland, Finland"
294,Le Sesame,4.5,"27 rue de la Mer, Calais, Pas-de-Calais, Hauts-de-France, France"
295,Al Fassia Aguedal Restaurant,4,"55 Boulevard Zerktouni, Marrakech, Marrakech-Safi, Morocco"
296,NOMAD,4,"1, Derb Aajrane, Marrakech, Marrakech-Safi, Morocco"
297,Black - Beersheba,3.5,"Yishparo Planet Kiryat Yehudit Industrial Zone Baruch Katinka, 2, Beersheba, Southern District, Israel"
298,panorama,3.5,"Avenue Mohammed 6th, Tangier, Tanger-Tetouan-Al Hoceima, Morocco"
299,Al Farid Restaurant,4.5,"3 Cathedral Yard, Exeter, Devon, England, United Kingdom"
300,Bio Beldi restaurant maison d'hote,5,"Ammeln, Ait Omgas, Souss-Massa, Morocco"
301,Port 19 Shlomo HaMeleh,4.5,"Shlomo HaMelekh St 2, Tel Aviv, Tel Aviv District, Israel"
302,Fat Boys Food Co.,4.5,"Strahinjica Bana 3, Belgrade, Serbia"
303,Burger Ranch,1.5,"2 Arrivals Hall, Tel Aviv, Tel Aviv District, Israel"
304,Habibi Shisha Bar,3.5,"Aranykez utca 5., Budapest, Central Hungary, Hungary"
305,Cafe de France,3,"Piazza Mulay Hassan, Essaouira, Marrakech-Safi, Morocco"
306,Restaurant La Paix Taghazout,3.5,"N1, Taghazout, Souss-Massa, Morocco"
307,Mace By Joseph Hadad,3.5,"Benjamin Franklin 16, Bucharest, Romania"
308,Moorish Lounge,4.5,"447 Streatham High Road, London, England, United Kingdom"
309,A l'ombre du figuier,4.5,"22 Passage Akchouch Idzakri, Tiznit, Souss-Massa, Morocco"
310,Wolfnights Yehuda Maccabi,3.5,"Yehuda HaMakkabbi St, 53, Tel Aviv, Tel Aviv District, Israel"
311,Dar Essalam,4,"170, Riad Zitoune El Kedim, Marrakech, Marrakech-Safi, Morocco"
312,Windy Bay Restaurant,4.5,"Oceanfront, Taghazout, Souss-Massa, Morocco"
313,Chez Michel Et Hafida,4.5,"Stall 192, Marche Central, Casablanca, Casablanca-Settat, Morocco"
314,Restaurant Sayef,5,"7 Rue D Agadir, Essaouira, Marrakech-Safi, Morocco"
315,Dameh,5,"15 Gueliz rue Qadi Ayad, El Harti, Marrakech, Marrakech-Safi, Morocco"
316,Mactoob,4.5,"22 Rue Seqala, Essaouira, Marrakech-Safi, Morocco"
317,Restaurant La Kasbah,4.5,"Rue Aguerd-Oudad, Tafraoute, Souss-Massa, Morocco"
318,La Petite Perle,4,"Entre la Place de l'Horloge et La Casbah, Essaouira, Marrakech-Safi, Morocco"
319,Araignee Gourmande,4,"Oualidia plage, Oualidia, Casablanca-Settat, Morocco"
320,Essaouira,4,"16 rue de Magdebourg, Paris, Ile-de-France, France"
321,Restaurant Annajma,4,"2 Avenue Oujda, Tangier, Tanger-Tetouan-Al Hoceima, Morocco"
322,Itran Restaurant,4.5,"Souk Qaryat Al Beri, Shangri-la, Abu Dhabi, Emirate of Abu Dhabi, United Arab Emirates"
323,La Gironde,4.5,"83 Lot du Centre Ouarzazate, Ouarzazate, Draa-Tafilalet, Morocco"
324,Habous,4,"Place EL Mouahdine, Ouarzazate, Draa-Tafilalet, Morocco"
325,Farringtons Restaurant,4,"28East Essex Street, Dublin, County Dublin, Ireland"
326,Dar Josephine,4,"Centre Ville, Taghazout, Souss-Massa, Morocco"
327,taNgia,5,"108 Mitcham Road, London, England, United Kingdom"
328,Restaurant La Tolerance,4.5,"6 Et 8 Rue Attarine, Essaouira, Marrakech-Safi, Morocco"
329,Kvish 90,4.5,"Mahanayim Janction, Rosh Pina, Northern District, Israel"
330,Mogador,4.5,"142 Cardigan Road, Leeds, West Yorkshire, England, United Kingdom"
331,Le Jardin des Aromes,4.5,"69 Avenue Mohamed V, Ouarzazate, Draa-Tafilalet, Morocco"
332,Malaika Riad & Table D’Hotes,5,"Derb Zayan No 17, Essaouira, Marrakech-Safi, Morocco"
333,La Koutoubia,4.5,"10, Rue Pierre Parent,, Rabat, Rabat-Sale-Kenitra, Morocco"
334,Papa Luigi,4.5,"Watergardens, Gibraltar"
335,Riad Dar Zitoune,4.5,"Boutarial El Berrania, Taroudant, Souss-Massa, Morocco"
336,Restaurant Jardin Chrifa,4.5,"16 Derb Bennis, Fes, Fes-Meknes, Morocco"
337,Burger Market,4.5,"3 Ha-Armonim, Jerusalem, Jerusalem District, Israel"
338,Ha'Mitbach Ha'Kaful,4,"Nahalat Binyamin 2, Tel Aviv, Tel Aviv District, Israel"
339,Restaurant Imilchil,4,"8 Rue du Vizir Tazi, Casablanca, Casablanca-Settat, Morocco"
340,Le Grand Balcon Cafe Glacier,3,"Jemaa El Fna, Marrakech, Marrakech-Safi, Morocco"
341,Les Alizes Mogador,4.5,"Rue Skala, Essaouira, Marrakech-Safi, Morocco"
342,Restaurant Le Corail Chez Latifa,5,"Place Chrib Atay, Nr 23_ Rue Laalouj, Essaouira, Marrakech-Safi, Morocco"
343,Cafe Restaurant Nomad,4.5,"5 Avenue Moulay Youseff, Sidi Ifni, Souss-Massa, Morocco"
344,Marrakesh,4.5,"12 Vickers Lane, Louth, Lincolnshire, England, United Kingdom"
345,Henna cafe,4.5,"93 Arset Aouzal Road, Dar EL Basha, Marrakech, Marrakech-Safi, Morocco"
346,Starbucks Gatwick North,3,"Crawley, West Sussex, England, United Kingdom"
347,Dar Marjana,4,"15 Derb Sidi Ali Tair, Marrakech, Marrakech-Safi, Morocco"
348,Restaurante El Ciervo,4,"Shopping Centre - Top Floor, Puerto Rico, Gran Canaria, Canary Islands, Spain"
349,Le Mechoui du Prince,4,"34 rue Monsieur le Prince, Paris, Ile-de-France, France"
350,Marrakesh,4,"2334 2nd Ave, Seattle, Washington"
351,Le Marocain,4,"Avenue Bab Jdid, Marrakech, Marrakech-Safi, Morocco"
352,Alhambra Palace Restaurant,3.5,"1240 W Randolph St, Chicago, Illinois"
353,Agadir Restaurant,4,"Rue des Sablieres 7, Chatelet, Hainaut Province, Wallonia, Belgium"
354,Agadir Moroccan Cuisine,3.5,"3599 NE 207th St, Aventura, Florida"
355,Le Palais d'Agadir,4.5,"5 boulevard Leon Revillon, Boissy-Saint-Leger, Val-de-Marne, Ile-de-France, France"
356,"Au Palmier D, Agadir",4.5,"46 rue du Marechal Lyautey, Villeneuve-le-Roi, Val-de-Marne, Ile-de-France, France"
357,Agadir Cafe,5,"405 Coventry Road, Birmingham, West Midlands, England, United Kingdom"
358,Le Palais D'Agadir,3.5,"20 rue Charles de Gaulle, Deuil-la-Barre, Val-d'Oise, Ile-de-France, France"
359,Le Palais D'agadir,4.5,"18 rue Nationale, Bar Sur Aube, Aube, Grand Est, France"
360,Le Palais D'agadir,4.5,"18 rue Nationale, Bar Sur Aube, Aube, Grand Est, France"
361,Agadir,3.5,"3 Rue Sainte-Catherine, Bayonne, Basque Country, Pyrenees-Atlantiques, Nouvelle-Aquitaine, France"
362,Restaurant L'Agadir,4,"11 rue des Fosses, Saint-Etienne, Loire, Auvergne-Rhone-Alpes, France"
363,Restaurant Bab Agadir,4.5,"Avenue Hassan II, Agadir, Souss-Massa, Morocco"
364,Agadir Restaurant,3.5,"19 Boulevard Khedim Ali, Tlemcen, Tlemcen Province, Algeria"
365,Les saveurs d'Agadir,3.5,"2 av Henri Barbusse, Saint-Maur-des-Fosses, Val-de-Marne, Ile-de-France, France"
366,Agadir,4,"2-27-8 Kamijujo, Kita, Tokyo, Tokyo Prefecture, Kanto, Japan"
367,Agadir Cafe Restaurant,4.5,"22 Central Ave, Manly, Greater Sydney, New South Wales, Australia"
368,Agadir Grillroom Restaurant,3.5,"Buitenlanden 20, Beverwijk, North Holland Province, The Netherlands"
369,Orange Cafe Agadir,3.5,"8 Rue des Orangers, Agadir, Souss-Massa, Morocco"
370,Agadir Burger - Poleg,5,"Map 5, Netanya, Central District, Israel"
371,Al Fassia Agadir,4,"Administration Hotel Bahia Av Des, Agadir, Souss-Massa, Morocco"
372,Center Park Agadir,4,"Av Hassan 2 - Tohmo, Ait Melloul, Agadir, Souss-Massa, Morocco"
373,Le Soleil D'Agadir,4.5,"Route De La Ferme Du Pavillon, Chanteloup-en-Brie, Marne-la-Vallee, Seine-et-Marne, Ile-de-France, France"
374,Restaurant Nassima D'Agadir,5,"288 rue de Clermont, Beauvais, Oise, Hauts-de-France, France"
375,Palais d''Agadir,4.5,"123 Riad Zitoun Lakdim, Marrakech, Marrakech-Safi, Morocco"
376,Ti Cafew Agadir,5,"31 Avenue Ennasim Hay Salam, Agadir, Souss-Massa, Morocco"
377,Agadir,5,"30 Shakham, Petah Tiqwa, Central District, Israel"
378,Friterie Agadir,4.5,"81 B rue de Strasbourg, Mulhouse, Haut-Rhin, Grand Est, France"
379,Agadir,4,"Bolshaya Sadovaya, 3/1, Moscow, Central Russia, Russia"
380,CG Agadir Cafe Snack Pizzeria Thai,no mark,"62 Rue Iligh, Agadir, Souss-Massa, Morocco"
381,Restaurant Aux Delices d'Agadir,5,"88 rue du Mont D Arene, Reims, Marne, Grand Est, France"
382,Ristorante Agadir,5,"Largo Tel Aviv 7, Milan, Lombardy, Italy"
383,Tacos Beldi Agadir,no mark,"105 Rue d'Oujda, Agadir, Souss-Massa, Morocco"
384,O’Sushi Agadir,no mark,"Cite suisse, avenue Generale El Kettani n:6, Agadir, Souss-Massa, Morocco"
385,Restaurant Sat Agadir,no mark,"Bd Ahmed Elhansali No 155, Beni Mellal, Beni Mellal-Khenifra, Morocco"
386,Twin's Tacos Agadir,no mark,"4 Rue Iligh, Agadir, Souss-Massa, Morocco"
387,Restaurant La Medina d'Agadir,no mark,"Aghroud Bensergaou, Agadir, Souss-Massa, Morocco"
388,Sud agadir,4,"Rue maximilien robespierre, Limay, Yvelines, Ile-de-France, France"
389,O'tacos Agadir,2,"Talborjt, Galeries, Agadir, Souss-Massa, Morocco"
390,Tagine d'Agadir,3,"64 boulevard Victor Hugo, Clichy, Hauts-de-Seine, Ile-de-France, France"
391,Riad Alanbar Agadir,no mark,"Marche Municipal D Agadir, Agadir, Souss-Massa, Morocco"
392,La Grande Table Agadir Officiel,5,"Hotel Riu Agadr Boulevard Hassan Ii, Agadir, Souss-Massa, Morocco"
393,Sunday Souk Agadir,no mark,"Porte 10 De Souk Alhad, Agadir, Souss-Massa, Morocco"
394,Restaurant Le Very Table Agadir Bay,no mark,"Agadir bay Founty, Agadir, Souss-Massa, Morocco"
395,Chick N Roast,4.5,"Hay Ait Soual, Tamraght, Agadir, Souss-Massa, Morocco"
396,Golden Gate Restaurant,4.5,"Boulevard 20 Aout, Agadir, Souss-Massa, Morocco"
397,Delizia Pizzeria,4.5,"Angle Avenue Hassan II rue de Madrid, Agadir, Souss-Massa, Morocco"
398,Lebanon Sweets,4.5,"Rue d'Oujda, Agadir, Souss-Massa, Morocco"
399,Pesca Del Dia,4.5,"Avenue Rue duPrince Mouley Abdellah, Agadir, Souss-Massa, Morocco"
400,Patisserie Yassmina,4.5,"Rue Al Wahda Al Watania, Agadir, Souss-Massa, Morocco"
401,Resto Imouran,4.5,"Imourane Essaouira Road, Agadir, Souss-Massa, Morocco"
402,The Hungry Nomad Tamraght,5,"Ait soual, Tamraght, Agadir, Souss-Massa, Morocco"
403,The Pita Bar,4.5,"24 Rue de Meknes, Agadir, Souss-Massa, Morocco"
404,Monkey,4.5,"Les Jardins D'agadir Gh3 Pas Loin De La Pharmacie, Agadir, Souss-Massa, Morocco"
405,Le Market,4.5,"Baie des Palmiers Cite Founty P5 Secteur touristique, Agadir, Souss-Massa, Morocco"
406,Avec Laidy,5,"Hay Sahel, Tamraght, Agadir, Souss-Massa, Morocco"
407,Brooklyn Burger,4.5,"Avenue Hassan II, Agadir, Souss-Massa, Morocco"
408,Bo Passage Cafe&restaurant,4.5,"18 Imm, Technopole 1, Magasin Cm07 I, Agadir, Souss-Massa, Morocco"
409,Dar Tajine Anza,5,"Station Total Anza Ville Route Essaouira Anza, Agadir, Souss-Massa, Morocco"
410,Chariot Coffee & Co,4.5,"Gh 14 N7, Agadir, Souss-Massa, Morocco"
411,Cafe & Restaurant TCHAM,4.5,"Hay Zgoumi Tamraght Commune Aourir, Agadir, Souss-Massa, Morocco"
412,Le happy belly,5,"Route Essaouira, Tamraght, Agadir, Souss-Massa, Morocco"
413,Kim Hoa Restaurant Asiatique,4.5,"Bv 20 Aout Centre Commercial Le Forume, Agadir, Souss-Massa, Morocco"
414,Restaurant Delfino,4.5,"Avenue Moulay Yousef, No 9 Agadir, Agadir, Souss-Massa, Morocco"
415,Le Surfing Cafe,5,"Plage Devils Rock, Tamraght, Agadir, Souss-Massa, Morocco"
416,Why Not,4.5,"112-114 Avenue Moulay Abdellah Impasse des Far Numero, Agadir, Souss-Massa, Morocco"
417,Cafe Resturant O'14,4.5,"Tamraght, Agadir, Souss-Massa, Morocco"
418,Citadel,4,"Rue La Plage, Agadir, Souss-Massa, Morocco"
419,Mona Cafe Restaurant,3.5,"16km Route de Essaouria, Agadir, Souss-Massa, Morocco"
420,Green's,3,"Agadir Bay, Agadir 80000, Agadir, Souss-Massa, Morocco"
421,Le 111 Cafe Club,3.5,"Rue de la Foire, Agadir, Souss-Massa, Morocco"
422,Agora Beach,3,"Rue La Plage, Agadir, Souss-Massa, Morocco"
423,Le Petit Pecheur Talborjt,3,"Galerie Talborjt, Agadir, Souss-Massa, Morocco"
424,Cantanzaro,4,"1 Complxe Hotelier, Agadir, Souss-Massa, Morocco"
425,Bayt Al Mandi Gulf Restaurant,4,"Boulevard Hassan II, Agadir, Souss-Massa, Morocco"
426,Paradis Plage Restaurant,4,"Km 26 Route d'Essaouira Imi Ouddar, Agadir, Souss-Massa, Morocco"
427,La Plancher du Rocher,3.5,"Sea front, Agadir, Souss-Massa, Morocco"
428,La Siciliana World Food,4,"Bloc L, 5 Av. Abdellah Guerssifi AlHouda, Agadir, Souss-Massa, Morocco"
429,Le Diamant Vert,3.5,"Place Al Waha Front de Mer, Agadir, Souss-Massa, Morocco"
430,Spagos Pool Bar,2.5,"Boulevard Mohamed 5, Agadir, Souss-Massa, Morocco"
431,Carre Blanc,4,"93 Av. Tombouctou, Agadir, Souss-Massa, Morocco"
432,Pool Lounge Bar & Restaurant Royal Bay,4,"BP 226 Cite Founty P4 Baie des Palmiers Commune de Bensergao, Agadir, Souss-Massa, Morocco"
433,La Rosace,3,"05 Boulevard Ben Mahfoud Al Yacoubi, Agadir, Souss-Massa, Morocco"
434,Snack Bronx,3,"Av kennedy, talbortj, Agadir, Souss-Massa, Morocco"
435,Sushi Fleur de Ming,3.5,"Founty Secteur Touristique imm, Agadir, Souss-Massa, Morocco"
436,O pasta ville,3.5,"Avenue general EL kettani n 6 bis, Agadir, Souss-Massa, Morocco"
437,La jetee,4,"Agadir beach, near Mac Donald's, Agadir, Souss-Massa, Morocco"
438,El Sombrero,3,"Boulevard Du 20 Aout, Agadir, Souss-Massa, Morocco"
439,La Pergola,3.5,"Km8, Route Agadir-Inezgane, Inezgane, Agadir, Souss-Massa, Morocco"
440,Vibes Restaurant Lounge,4,"48 Complex Agador, Boulevard Du 20 Aout, Agadir, Souss-Massa, Morocco"
441,Meduza Lounge,3.5,"Boulevard Du 20 Aout, Agadir, Souss-Massa, Morocco"
442,Cafe Restaurant Hassan Jolo,4,"Agadir, Souss-Massa, Morocco"
443,Restaurant Pizza Roma,3.5,"Passage Tawada , Front de Mer., Agadir, Souss-Massa, Morocco"
444,Banana Beach Restaurant,4,"Bp 20326, Tamraght, Agadir, Souss-Massa, Morocco"
445,Belle Passion,3.5,"Avenue Abderrahim Bouaabid, Agadir, Souss-Massa, Morocco"
446,So Good,3.5,"Sofitel Agadir Royal Bay Resort, Agadir, Souss-Massa, Morocco"
447,So Lounge,3.5,"4 Cite Founty P, Agadir, Souss-Massa, Morocco"
448,Cafe Vienna,3.5,"Boulevard Mohamed V, Agadir, Souss-Massa, Morocco"
449,Restaurant Hatty Daou,4,"N1, Agadir, Souss-Massa, Morocco"
450,La Tour de Babel,3,"Boulevard Hassan II, Agadir, Souss-Massa, Morocco"
451,Sodivias Cafe Restaurant,2.5,"56 RP 40 Tassila, Agadir, Souss-Massa, Morocco"
452,Restaurant Hatty Daou,4,"N1, Agadir, Souss-Massa, Morocco"
453,Restaurant La Truite,2.5,"Bouleverd Hassan II, Agadir, Souss-Massa, Morocco"
454,Mama Aicha,4.5,"Quartier Les Amicales, Agadir, Souss-Massa, Morocco"
455,Tori Sushi,5,"Av Abdellah Guenoun, Agadir, Souss-Massa, Morocco"
456,Boulangerie Patisseries Tafala,5,"194 Cite Riad Salam, Agadir, Souss-Massa, Morocco"
457,Calipso,5,"Rue des Oranges, Agadir, Souss-Massa, Morocco"
458,Le Coin Des Chefs,4.5,"Avenue Mohamed El Fassi, Agadir, Souss-Massa, Morocco"
459,Source Waves Coffee,5,"N18 Projet Social, Anza, Agadir, Souss-Massa, Morocco"
460,Hey Yallah,5,"Sahel, Tamraght, Agadir, Souss-Massa, Morocco"
461,O'Pizza Chez Didi Pizzeria,4.5,"Hay mohammadi, Agadir, Souss-Massa, Morocco"
462,Best Brochettes,4.5,"Boulevard Abdellah Guenoun, Agadir, Souss-Massa, Morocco"
463,Pause Fleurie,3,"10 Avenue Des Forces Armees Royales, Agadir, Souss-Massa, Morocco"
464,Le P'tit Dome,5,"Boulevard Vingt Aout, Agadir, Souss-Massa, Morocco"
465,Restaurant Tafoukt,3.5,"Behind Uniprix, Agadir, Souss-Massa, Morocco"
466,Hum's Pita,5,"29 Avenue Khalid Bin Walid, Agadir, Souss-Massa, Morocco"
467,Bamboo Thai,4,"Avenue Hassan II, Agadir, Souss-Massa, Morocco"
468,Boreal bistro cafe,3.5,"Rdc imm. R19 I12 Mo1 - Agadir bay, Agadir, Souss-Massa, Morocco"
469,Ikbal Restaurant du Souk,4,"Av Med Ikbal, Agadir, Souss-Massa, Morocco"
470,La Grande Table,2,"F2 Boulevard 20 Aout Secteur Touristique, Agadir, Souss-Massa, Morocco"
471,Le Sesame Boulangerie & Patisserie,4.5,"10 Bis, Avenue Hajj Massoud Al Wafkaoui, Agadir, Souss-Massa, Morocco"
472,Le Festival Cafe & Restaurant,4.5,"Avenue 20 Aout, Agadir, Souss-Massa, Morocco"
473,Ma9loub,4,"08 Avenue hassan I Cite Dakhla, Agadir, Agadir, Souss-Massa, Morocco"
474,Cafe Restaurant Imsouane,5,"3 Avenue Omar Khiam Amsernat, Agadir, Souss-Massa, Morocco"
475,Lilou Coffee & Restaurant,4.5,"N_363, Agadir, Souss-Massa, Morocco"
476,La Poele By Chef Hassan,5,"Av. Sidi Abdellah Ben Hssein, Agadir, Souss-Massa, Morocco"
477,Pizzatino,4.5,"Avenue Moukawama, Agadir, Souss-Massa, Morocco"
478,Lina Surf Pizzeria,3,"Camping Atlantica, Route de Taghazout - Tamraght .Enface De, Tamraght, Agadir, Souss-Massa, Morocco"
479,Mila Noza - La Milanaise,3.5,"Avenue Moulay Yossef, Agadir, Souss-Massa, Morocco"
480,Rich Palace,5,"Agadir, Souss-Massa, Morocco"
481,Snack Riad Al Anbar,4,"Rue Mohamed Iqbal, Agadir, Souss-Massa, Morocco"
482,La Baguette Doree,2,"Avenue Moulay Hassan I, Agadir, Souss-Massa, Morocco"
483,Le Riviet fusion,4.5,"28 Residence KHALIJ ANNAKHIL, Agadir, Souss-Massa, Morocco"
484,Amane Bar,3,"Baie des palmiers, Agadir, Souss-Massa, Morocco"
485,Resto Alikbal,4,"Avenue Mohamed Ikbal, 16, Agadir, Souss-Massa, Morocco"
486,Hamada Fish,5,"No 80 Av Ahmed Al Mansour Dhabi El Qods, Agadir, Souss-Massa, Morocco"
487,Sunset Tamraght,4.5,"Rue Ait Saoul, Tamraght, Agadir, Souss-Massa, Morocco"
488,Dinasty,4.5,"Pres du Marche Municipal, Agadir, Souss-Massa, Morocco"
489,Paradis des Delices,4,"Avenue Kennedy, No 84 Talborjt, Agadir, Souss-Massa, Morocco"
490,Restaurant le savannah,2.5,"5 Complesxe transatlantique,boulevard Mohamed, Agadir, Souss-Massa, Morocco"
491,Saykouk Rooftop,4.5,"29 Rue Yacoub El Mansour, Agadir, Souss-Massa, Morocco"
492,La Blanche Hermine,5,"3 Rue Omar El Khyam, Agadir, Souss-Massa, Morocco"
493,La Plancha de Rocher,3,"Near the Beach, Tamraght, Agadir, Souss-Massa, Morocco"
494,O Crunch,5,"65 Av Qadi Ayad, Agadir, Souss-Massa, Morocco"
495,La Tour d'Or,4.5,"Face caserne Pompiers, Agadir, Souss-Massa, Morocco"
496,Dak-Art,4.5,"Avenue Makka, Agadir, Souss-Massa, Morocco"
497,Jockey Bar,4,"Boulevard du 20 Aout, Agadir, Souss-Massa, Morocco"
498,Audrey Artisan Glacier,4,"16 Place Du Marche Central, Agadir, Souss-Massa, Morocco"
499,Le 7eme Art,4,"Avenue Hassan II, Agadir, Souss-Massa, Morocco"
500,Restaurant Imazighen,5,"Route d'Essaouira, Agadir, Souss-Massa, Morocco"
501,Oasis Restaurant,2.5,"Avenue des fars entre inzegane ait meloul station aftisuis, Agadir, Souss-Massa, Morocco"
502,Sorrento's,3.5,"Hay Mohammadi, Islane, Agadir, Souss-Massa, Morocco"
503,Ohana Poke & Vitamin bar,5,"Rue de la Jeunesse, Tamraght, Agadir, Souss-Massa, Morocco"
504,Caesars,5,"Ave Hassan 2, Agadir, Souss-Massa, Morocco"
505,Bricks & Barrels,5,"M04 Building N:1 Agadir Bay, Agadir, Souss-Massa, Morocco"
506,Kisslaz Cafe,5,"Ait Soual, Tamraght, Agadir, Souss-Massa, Morocco"
507,Bar Brochette,5,"August 20 Blvd, Agadir, Souss-Massa, Morocco"
508,Tonirt,5,"Sahel, Tamraght, Agadir, Souss-Massa, Morocco"
509,Restaurant FRIGE,5,"No 3 Front de Mer, Agadir, Souss-Massa, Morocco"
510,Cafe Inov,5,"Boulevard 11 Janvier, Agadir, Souss-Massa, Morocco"
511,Cafe Maure,4,"B.P. 230 Bensergao, Agadir, Souss-Massa, Morocco"
512,Restaurant Delfino,4,"Hai Nahda N:9, Agadir, Souss-Massa, Morocco"
513,Buenos Cafe,1,"La Marina D'agadir, Agadir, Souss-Massa, Morocco"
514,Boreal,1,"Rdc Imm R19 I12 Mo1 Agadir Bay, Agadir 80000, Agad, Agadir, Souss-Massa, Morocco"
515,Actors Studio,2,"Boulvard 20 Aout, Agadir, Souss-Massa, Morocco"
516,Pizzeria Aquarium,4,"Marina d'Agadir, Agadir, Souss-Massa, Morocco"
517,Mr Kayn,4,"Rue de Meknes, Agadir, Souss-Massa, Morocco"
518,aux 4 vents,1,"Complexe Tawada, Agadir, Souss-Massa, Morocco"
519,O'mac Beldi,4,"Avenue Jamal Abdennacer, Agadir, Souss-Massa, Morocco"
520,BadhdadLi La Specialite,4.5,"157 IMM Sabrina Bd Hassan-2 Agadir 80000, Agadir, Souss-Massa, Morocco"
521,Le Beldi,3,"El Menzeh 3, Imm 4 - Mag 09, Av. Des Forces Armees, Agadir, Souss-Massa, Morocco"
522,Beldi Express,4,"3 Avenue, Agadir, Souss-Massa, Morocco"
523,Crystal O Plaisir,5,"Rdc Tighmirine Hay Salam, Agadir, Souss-Massa, Morocco"
524,Holiday Cafe,5,"Agadir, Souss-Massa, Morocco"
525,Peaky Burger,5,"69 Avenue Mohamed El Fassi, Cite Salam, Agadir, Souss-Massa, Morocco"
526,andalucia,3.5,"76 Avenue Imam Boukhari Erac Bouargane, Agadir, Souss-Massa, Morocco"
527,Domino's Pizza Talborjt,4.5,"Galerie Talborjt, Boulevard Mohammed Cheikh Saadi, Agadir, Souss-Massa, Morocco"
528,Aladdin,3,"Rue de la Foire, Agadir, Souss-Massa, Morocco"
529,Verde Fast Food & Pizzeria,4,"Fal Omlil hay Mohamadi, Agadir, Souss-Massa, Morocco"
530,Chouquet's,5,"N 6-8 Rue 1709-Pergola, Dcheira, Agadir, Souss-Massa, Morocco"
531,L' Atelier,2,"Hassan 1 Dakhla, Agadir, Souss-Massa, Morocco"
532,Casa Mia,3.5,"Marina, Agadir, Souss-Massa, Morocco"
533,Machawi Grill,4.5,"Avenue Hassan II, Agadir, Souss-Massa, Morocco"
534,Mini Delices,5,"03 Avenue des Far IMM N_, Agadir, Souss-Massa, Morocco"
535,Folie Berbere,5,"505 Route Aghroud, Agadir, Souss-Massa, Morocco"
536,"Surf Star - Stay, Chill, & Eat",no mark,"Tamraght, Agadir, Souss-Massa, Morocco"
537,Tomy Food,no mark,"Agadir, Souss-Massa, Morocco"
538,Restaurant La Couronne Bleue,no mark,"Agadir, Souss-Massa, Morocco"
539,La table des saveurs,no mark,"Ain Chaib - Km 40 - No 10, Route Taroudant - Ouled Taima, Agadir, Souss-Massa, Morocco"
540,Clacier Tahiti,5,"Agadir, Souss-Massa, Morocco"
541,Snack Omega+,no mark,"Rue Agdal Bloc C Numero 268 Hay Al Lhouda, Agadir, Souss-Massa, Morocco"
542,Mc'guire,no mark,"Rue Suisse, Agadir, Souss-Massa, Morocco"
543,Talme9lat,no mark,"Av Khmisset, Agadir, Souss-Massa, Morocco"
544,Pizza Here Restaurant,no mark,"Rue Tighanimine, Agadir, Souss-Massa, Morocco"
545,"Quickitchen - Sushi, Wok & more",4,"N 2 Bloc G1, Av. Moulay Hassan I, Agadir, Souss-Massa, Morocco"
546,CrepinOh!,5,"Rue Agured, Agadir, Souss-Massa, Morocco"
547,Coffee 113,no mark,"Cite adrar res alhilal bloc 2, Agadir, Souss-Massa, Morocco"
548,Trezor Restaurant,no mark,"Complexe Tivoli, Agadir, Souss-Massa, Morocco"
549,Anza Spot,no mark,"Anza, Agadir, Souss-Massa, Morocco"
550,Tandaft Coffee Shop,no mark,"Ait Melloul, Agadir, Souss-Massa, Morocco"
551,Carnes A L'as Brazas,no mark,"Oued Ziz, Agadir, Souss-Massa, Morocco"
552,Cafe Nera,no mark,"M38 Place Al Widd, Agadir, Souss-Massa, Morocco"
553,CoolBurgers,no mark,"Residence Afoud, N_ 118, Agadir, Souss-Massa, Morocco"
554,Tapasko,no mark,"Anouar Souss, Agadir, Souss-Massa, Morocco"
555,Surf One Restaurant,5,"Hay Aitsoual, Tamraght, Agadir, Souss-Massa, Morocco"
556,Rouji Sushi,no mark,"G74 Hay El Houda, Agadir, Souss-Massa, Morocco"
557,Mamie Kitchen,3,"N 5228 Avenue Sale, Agadir, Souss-Massa, Morocco"
558,Friends Eatery & Coffee House,5,"Avenue Hassan 1,, Agadir, Souss-Massa, Morocco"
559,Hum-Burger,4,"15 Rue Khaled Bn Walid, Agadir, Souss-Massa, Morocco"
560,Mac kebab,no mark,"Avenue Almouqawama, Agadir, Souss-Massa, Morocco"
561,The Comfort Cafe,no mark,"Avenue Al Mokhtar Soussi, Inezgane, Agadir, Souss-Massa, Morocco"
562,Restaurant LA PLAGE et sa plage privee,no mark,"Sofitel Agadir Thalassa Sea & Spa , Agadir, Souss-Massa, Morocco"
563,Fruta Box,no mark,"Av. Des Forces Armees Royales, Agadir, Souss-Massa, Morocco"
564,Le Poisson Chez Jamal,5,"Batoire Rue Lhaj Ahmed Akhnouch, Agadir, Souss-Massa, Morocco"
565,Cafe snack le jardin,5,"Avenue Akhnouche, Agadir, Souss-Massa, Morocco"
566,Pizzeria Roma,1,"27 Passage Tawada, Agadir, Souss-Massa, Morocco"
567,La Casa Del Burgers,no mark,"25 av al Kawakibi Dakhla Agadir, Agadir, Souss-Massa, Morocco"
568,Class Food,no mark,"Boulevard du 20, Agadir, Souss-Massa, Morocco"
569,Twisty food,no mark,"101 Avenue Hassan 2, Agadir, Souss-Massa, Morocco"
570,Agadrive24,5,"Agadrive, Agadir, Souss-Massa, Morocco"
571,Chicko's - fried chicken and burger,no mark,"Sonaba, immeuble N_ 2, Agadir bay 1, Agadir, Souss-Massa, Morocco"
572,Leaf Color Boulangerie  Patisserie,no mark,"No 5 immeuble Meknes Founty 124B, Agadir, Souss-Massa, Morocco"
573,Mare Nostrum,5,"Technopole 1I18/BM20 Hay, Agadir, Souss-Massa, Morocco"
574,Plaisirs Sucres,2,"Lahoucine Achengli Sonaba, Agadir, Souss-Massa, Morocco"
575,Rancheros,no mark,"Les Jardins d'Agadir, Agadir, Souss-Massa, Morocco"
576,O'calamars,no mark,"Bd Hassan 1 Numero 225, Agadir, Souss-Massa, Morocco"
577,Resto U,no mark,"Universiapolis, Agadir, Souss-Massa, Morocco"
578,Restaurant Le Beldi,no mark,"El Menzeh 3, Imm 4 - Mag 09, Av. Des Forces Armees, Agadir, Souss-Massa, Morocco"
579,Cafe Restaurant Le Panoramic,no mark,"Paradise Valley, Agadir, Souss-Massa, Morocco"
580,Seven,5,"5 Cite Swisse, Agadir, Souss-Massa, Morocco"
581,Seven's House,no mark,"N 8 Al Manzah 2 Avenue Des Fars, 80000 Agadir, Maroc, Agadir, Souss-Massa, Morocco"
582,Subway Fish,no mark,"Main Street, Tamraght, Agadir, Souss-Massa, Morocco"
583,Chez Youssef,5,"Rue de Ougda, Agadir, Souss-Massa, Morocco"
584,Rouji Sushi,no mark,"Rue Tin Mal, Agadir, Souss-Massa, Morocco"
585,Karfa & Kamun,no mark,"Hay ait Souall Tamraght, Auorir, Tamraght, Agadir, Souss-Massa, Morocco"
586,Crispy Food,no mark,"Hay Salam Agadir, Rue Gerssif, Agadir, Souss-Massa, Morocco"
587,Cafe Coin Dallas,no mark,"Residence IKEN Park Imm B Boulevard, Agadir, Souss-Massa, Morocco"
588,La Mirada,5,"Avenue Taznakht, Agadir, Souss-Massa, Morocco"
589,Le Calisson Cafe,no mark,"Imm.Noussairi Avenue General Kettani, Agadir, Souss-Massa, Morocco"
590,La Luna,no mark,"Avenue Hassan II, Agadir, Souss-Massa, Morocco"
591,La Bananeraie Restaurant,no mark,"Tamri Km 53 N1 Agadir Essaouira, Tamri, Agadir, Souss-Massa, Morocco"
592,Cozy Coin Restaurant,5,"N 10 Agadir bay pres du lycee Francais d'Agadir, Agadir, Souss-Massa, Morocco"
593,Capulibris,no mark,"Bab Al Madina, Quartier Tilila, Agadir, Souss-Massa, Morocco"
594,Restaurant ADENS,no mark,"N 19 Rue Des Orangers, Agadir, Souss-Massa, Morocco"
595,Pronto pizza,no mark,"305 Bis, Agadir, Souss-Massa, Morocco"
596,Carrito,5,"n 65 Avenue Kennedy Talborjt, Agadir, Souss-Massa, Morocco"
597,Crepe&Go,5,"53 avenue HASSAN II. Agadir, Agadir, Souss-Massa, Morocco"
598,Cafe restaurant panoramique Anounfeg,no mark,"Ville Nouvelle, Agadir, Souss-Massa, Morocco"
599,Cafe Restaurant KARISMA,no mark,"Cite Sonaba, Agadir, Souss-Massa, Morocco"
600,Barbossa,no mark,"Boulevard Rabat, Nr 3626, Cite Alhay Almohamadi, Agadir, Souss-Massa, Morocco"
601,Cafe Restaurant KARISMA,no mark,"Cite Sonaba, Agadir, Souss-Massa, Morocco"
602,Be Fit Foods,no mark,"Hay Mohammadi, Agadir, Souss-Massa, Morocco"
603,Piapara Fish Restaurant,5,"Agadir, Souss-Massa, Morocco"
604,Dar Jad,no mark,"Lot I18 Amo3 Technopole 1 Agadirbay, Agadir, Souss-Massa, Morocco"
605,Wake Up,5,"Av. Mohamed El Fassi, Agadir, Souss-Massa, Morocco"
606,Le Tea Time Restaurant,no mark,"F2 Bloc F Complexe Tivoli, Boulevard Du 20 Aout, Agadir, Souss-Massa, Morocco"
607,Papote,no mark,"6 Place Du Prince Heritier, Agadir, Souss-Massa, Morocco"
608,O'snack,5,"Rue oued ziz sidi youssef, Agadir, Souss-Massa, Morocco"
609,Coolburger,no mark,"Residence Afoud, N_ 118, Agadir 80000, Agadir, Souss-Massa, Morocco"
610,El Chef Happy Pasta,5,"Tigouma Ifoulkine, Agadir, Souss-Massa, Morocco"
611,La Friterie,1,"1 Magasin 18, Agadir Bay, Agadir, Souss-Massa, Morocco"
612,Dominium Cafe,no mark,"Bd Abdelkrim El Khatabi Quartier Founty, Agadir, Souss-Massa, Morocco"
613,Shahraman Food,no mark,"N 4 Rue Kawakibi, Agadir, Souss-Massa, Morocco"
614,Restaurant ALQIMA,no mark,"Marina, Agadir, Souss-Massa, Morocco"
615,Dar Twajen,no mark,"2 Immeuble Talbi avenue, Agadir, Souss-Massa, Morocco"
616,Boreal,no mark,"Imm R19 L12 Agadir Bay, Agadir, Agadir, Souss-Massa, Morocco"
617,La Blanche Hermine,5,"3 avenue Omar Khiam Amsernat, Agadir, Souss-Massa, Morocco"
618,Maria,no mark,"Rue Oued Ziz, Agadir, Souss-Massa, Morocco"
619,Kunefti,no mark,"Hay Mohamadi, Agadir, Souss-Massa, Morocco"
620,TISLEMT CAFE RESTAURANT,5,"LOT N 147 EL MERS DCHEIRA, Inezgane, Agadir, Souss-Massa, Morocco"
621,Restaurant Z,no mark,"Bd Du 20 Aout, Agadir, Souss-Massa, Morocco"
622,Shahraman Food,no mark,"5 Rue Kawakibi, Agadir, Souss-Massa, Morocco"
623,Miam miam fish,no mark,"68 Avenue Khalid Ibn Oualid, Agadir, Souss-Massa, Morocco"
624,Katai Sushi,no mark,"Quartier Hay Mohammadi Fal Oumlil, Agadir, Agadir, Souss-Massa, Morocco"
625,Pirhana,no mark,"Agadir, Souss-Massa, Morocco"
626,Allo Pizza Tacos,no mark,"25 Av. Mohammed Ikbal, Agadir, Souss-Massa, Morocco"
627,Pasta Lovers,5,"No 12 Residence Khalij Annakhil, Agadir, Souss-Massa, Morocco"
628,Le Bazar Elegant,5,"1 Rue ibn taymya, Amicales des fonctionnaires, Agadir, Souss-Massa, Morocco"
629,Freshmania,no mark,"84, immeuble 34 Avenue des FAR, Agadir, Souss-Massa, Morocco"
